"Effect","Chisq","Df","P_value","Signif"
"bti",66.3061175705253,1,"<0.001","***"
"food",71.5117955351426,1,"<0.001","***"
"s_time",284.918400163937,1,"<0.001","***"
"bti:food",44.7166964574675,1,"<0.001","***"
"bti:s_time",18.6766385786205,1,"<0.001","***"
"food:s_time",52.455154324427,1,"<0.001","***"
"bti:food:s_time",6.99109356472573,1,"0.008","**"
